index,type,heading,collection,title,authors,publication,volume,issue,pages,year,language,description,url,publication_id,doi,worldcat_link,image,local_copy,featured,notes
1,academic_collection,,guara-dossier,"Dossiê: Narlan Matos – Fronteiras, Transgressões e Reinvenções na Linguagem",,Guará - Revista de Linguagem e Literatura,15,1,,2026,Portuguese,,https://seer.pucgoias.edu.br/index.php/guara/issue/view/488,,10.18224/gua.v15i1 ,search.worldcat.org/title/11154591366,/assets/images/criticism/guara-cover.jpg,,TRUE,
2,academic,Academic Studies,guara-dossier,"Narlan Matos: fronteiras, transgressões e reinvenções na linguagem", Elizete Albina Ferreira,Guará - Revista de Linguagem e Literatura,15,1,1--3,2026,Portuguese,,https://seer.pucgoias.edu.br/index.php/guara/article/view/15714,,10.18224/gua.v15i1.15714,https://search.worldcat.org/title/11154599815,/assets/images/criticism/guara-cover.jpg,/assets/docs/criticism/academic/2026-Guara-Ferreira.pdf,TRUE,
3,academic,Academic Studies,guara-dossier,Arborosidades II: o escritor nordestino e a transgressão,Wellington Amâncio da Silva,Guará - Revista de Linguagem e Literatura,15,1,11--15,2026,Portuguese,,https://seer.pucgoias.edu.br/index.php/guara/article/view/14668,,10.18224/gua.v15i1.14668,https://search.worldcat.org/title/11154591366,/assets/images/criticism/guara-cover.jpg,/assets/docs/criticism/academic/2026-Guara-Silva.pdf,TRUE,
4,academic,Academic Studies,guara-dossier,"Eu e tu, caminheiros: Narlan Matos e a odisseia do caminho",Cristiano Santos Araujo,Guará - Revista de Linguagem e Literatura,15,1,16-22,2026,Portuguese,,https://seer.pucgoias.edu.br/index.php/guara/article/view/15543,caminheiros,10.18224/gua.v15i1.15543,https://search.worldcat.org/title/11154592669,/assets/images/criticism/guara-cover.jpg,/assets/docs/criticism/academic/2026-Guara-Araujo.pdf,TRUE,
5,academic,Academic Studies,guara-dossier,"Imagens poéticas e o renascer da palavra em Eu e tu, caminheiros dessa vida, de Narlan Matos",Jocimar Bertelli & Antonio Donizeti da Cruz,Guará - Revista de Linguagem e Literatura,15,1,23-29,2026,Portuguese,,https://seer.pucgoias.edu.br/index.php/guara/article/view/15599,caminheiros,10.18224/gua.v15i1.15599,https://search.worldcat.org/title/11154602525,/assets/images/criticism/guara-cover.jpg,/assets/docs/criticism/academic/2026-Guara-Bertelli & Donizeti da Cruz.pdf,TRUE,
6,academic,Academic Studies,guara-dossier,¿Cómo escribir poesía después de Auschwitz?,"Lily Martinez Evangelista, José Miguel Lemus, Sandra María Pérez López",Guará - Revista de Linguagem e Literatura,15,1,30-34,2026,Spanish,,https://seer.pucgoias.edu.br/index.php/guara/article/view/15601,como-nacen,10.18224/gua.v15i1.15601,https://search.worldcat.org/title/11154602713,/assets/images/criticism/guara-cover.jpg,/assets/docs/criticism/academic/2026-Guara-Evangelista.pdf,TRUE,
7,academic,Academic Studies,,Poesia e memória em Narlan Matos: imagens poéticas,Jocimar Bertelli,ENCONTROS LITERÊRIOS-2024,19,33,107-120,2025,Portuguese,,https://d1wqtxts1xzle7.cloudfront.net/131792211/livro_eletrA_nico_ENCONTROS_LITERA_RIOS_2024_FINALA_SSIMA_01_fevereiro_2026_15h-libre.pdf?1771212323=&response-content-disposition=inline%3B+filename%3DENCONTROS_LITERARIOS_2024.pdf&Expires=1783713392&Signature=aeRjKxOTDekRmId-jzV238R-hNWvlw5yZO2tLzOJcE1z6DfODfYD~KvVIPwzQRl7EUbe3IoTdoWg8tgQhv-l9qhMbbHfLr2tyUXTzOP~kB3RpJIaWlG7CX8FNeMWy4~7F0GNFqDm4GVF2VdayU2S9QEmX79tKx1Hmz-qCxXESw7IWvYkng6AfAdRBFJFi9rfFNWREY699bIRg9gSWvNMkgjhWp14VSDwQnO-0KrKd1jIhAR1CIT5yUeuNWXiMjG8M5jrVyvcL6CAjXNTROpRT2UFzcidKIIs3-gx5CrGANgwJhhG3IoBBLTnyIN5J1RfLruOZlA996UTRuLY7AdwBQ__&Key-Pair-Id=APKAJLOHF5GGSLRBV4ZA#page=107,,10.48075/rlhm.v19i33.29848,,,/assets/docs/criticism/academic/2025-Bertelli.pdf,TRUE,Fonte acadêmica e entrevista com o poeta.
8,academic,Academic Studies,,"Retórica, composição e emoção entrelaçadas em poesias da obra Rebanho de Estrelas, de Narlan Matos ",Jocimar Bertelli,Temática,20,,,2024,Portuguese,,https://doi.org/10.22478/ufpb.1807-8931.2024v20n6.70444 ,rebanho,10.22478/ufpb.1807-8931.2024v20n6.70444 ,https://search.worldcat.org/title/10427887911,,/assets/docs/criticism/academic/2024-Bertelli.pdf,TRUE,
9,academic,Academic Studies,,O imaginario noturno na poetica de Narlan Matos,Vanderlei Kroin,Revista Decifrar,11,,64-80,2023,Portuguese,,,,,,,,TRUE,
10,academic,Academic Studies,,Senhoras e senhores com a palavra o poeta Narlan Matos,Jocimar Bertelli,Revista Literatura História e Memória,19,33,369-387,2023,Portuguese,,https://saber.unioeste.br/index.php/rlhm/en/article/view/29848,,10.48075/rlhm.v19i33.29848 ,https://search.worldcat.org/title/9952013941,,/assets/docs/criticism/academic/2023-Bertelli.pdf,TRUE,Entrevista acadêmica
11,academic,Academic Studies,,Reflexões sobre os descritores D8 e D12 da Prova Brasil: uma proposição de atividades para o 5º ano a partir de poesias de Narlan Matos,"Renan Paulo Bini, Solange Goretti Moreira Pizzatto, Jocimar Bertelli, Andreia Aparecida Colares, José Roberto de Souza Ferreira",Revista Thêma et Scientia,11,2,33-47,2021,Portuguese,,https://themaetscientia.fag.edu.br/index.php/rtes/article/view/1190,,,,,/assets/docs/criticism/academic/2021-Bini et al.pdf,TRUE,
12,academic,Academic Studies,,Poesia e alteridade em Narlan Matos,Jocimar Bertelli,Temática,16,9,161–176,2020,Portuguese,,https://www.periodicos.ufpb.br/index.php/tematica/article/view/55206,,10.22478/ufpb.1807-8931.2020v16n09.55206 ,,,/assets/docs/criticism/academic/2020b-Bertelli.pdf,TRUE,
13,academic,Academic Studies,,"Poesia, alteridade e memória em Narlan Matos: Diálogos Interculturais",Jocimar Bertelli,"Dissertação( Mestrado em Letras) - Universidade Estadual do Oeste do Paraná, Cascavel, PR",,,99,2020,Portuguese,,https://tede.unioeste.br/handle/tede/4823,,,,,/assets/docs/criticism/academic/2020-Bertelli.pdf,TRUE,
14,academic,Academic Studies,,Pismo Slovencu: vpliv Tomaža Šalamuna na brazilskega pesnika Narlana Matosa ,Mojca Medvedšek,Ars & Humanitas,11,2,178-191,2017,Slovenian,,https://journals.uni-lj.si/arshumanitas/article/view/7657,,10.4312/ars.11.2.178-191,https://search.worldcat.org/title/9818260566,,/assets/docs/criticism/academic/2017-Medvedšek.pdf,TRUE,
15,academic,Academic Studies,,Confluências da Latino-Americanidade na Antología Poética Bilíngüe de Narlan Matos,Adenilson de Barros de Albuquerque,Anais do Seminário de Práticas de Ensino de Línguas e Literaturas no âmbito do PARFOR,,,,2017,Portuguese,,https://midas.unioeste.br/sgev/eventos/spellap/anais,antologia,,,,/assets/docs/criticism/academic/2017b-Albuquerque.pdf,TRUE,
16,academic,Academic Studies,,"Literatura, sala de aula e as palavras pontiagudas",Adenilson de Barros de Albuquerque,Revista Prática Docente,2,2,216–228,2017,Portuguese,,https://periodicos.cfs.ifmt.edu.br/periodicos/index.php/rpd/article/view/627/615,,10.23926/RPD.2526-2149.2017.v2.n2.p216-228.id71,https://search.worldcat.org/title/8081197653,,/assets/docs/criticism/academic/2017-Albuquerque.pdf,TRUE,"includes Glossário, poema de Narlan Matos "
17,academic,Academic Studies,,"Memória e identidade nos poemas ""A Via Crucis"" e ""Numa Praia Deserta da Califórnia"", de Narlan Matos",Adenilson de Barros de Albuquerque,17ª Jornada de Estudos Linguísticos e Literários (JELL) (conference paper),,,,2014,Portuguese,,,,,,,,TRUE,Conference paper examining the themes of memory and identity in the poems A Via Crucis and Numa Praia Deserta da Califórnia.
18,academic,Academic Studies,,Narlan Matos e Elegia ao Novo Mundo e Outros Poemas: o prólogo extraviado,Eleuterio Santiago-Díaz,"Revista de Literatura, História e Memória",10,16,,2000,Portuguese,,https://e-revista.unioeste.br/index.php/rlhm/en/article/view/11365,elegia,10.48075/rlhm.v10i16.11365,https://search.worldcat.org/title/11261371384,,/assets/docs/criticism/academic/2000-Santiago-Díaz.pdf,TRUE,
19,essay,Critical Essays,,Dalla Provincia Oscura ala Città del Sole: Aporie quotidiane e circolarità necessaria nella poesia di Narlan Matos,Marco Testi,Fili d'Aquilone,45,,,2017,Italian,,https://www.filidaquilone.it/num045testi.html,provincia,,,,,TRUE,
20,essay,Critical Essays,,Os nossos quintais ea poesia de Narlan Matos em Elegia ao Novo Mundo e outros poemas,Adenilson de Barros de Albuquerque,LL Journal,1,,,2014,Portuguese,,https://lljournal.commons.gc.cuny.edu/2014-1-ritt-texto/,elegia,,,,,TRUE,
21,essay,Critical Essays,,Manca Qualcosa Nella Stanza: la Poesia di Narlan Matos,Giorgio Mobili,Fili d'aquilone,35,,,2014,Italian,,https://www.filidaquilone.it/num035mobili.html,senhoras,,,,"/assets/docs/criticism/essays/2014-Fili d'aquilone - num. 35, La poesia di Narlan Matos.pdf",TRUE,senhoras; acampamento; elegia
22,essay,Critical Essays,,"Como Robin Williams, Narlan Matos e Yoko Ono me auxiliaram a descortinar o submodo expressividade em Filosofia Clínica",Márcio José Andrade da Silva,,,,,n.d.,Portuguese,,https://d1wqtxts1xzle7.cloudfront.net/120997733/Expressividade_OK_Marcio-libre.pdf?1737734733=&response-content-disposition=inline%3B+filename%3DComo_Robin_Williams_Narlan_Matos_e_Yoko.pdf&Expires=1783714451&Signature=G7fAgMrvgvdeGGmsfcdSkaLg8lTBe2vQ2SPpRWQyBHYHigWG4jNCMcCL6nqpicySuR0XWw6tlkAggf0gSzGCNlf5s2a98FQhtYs6JFUyp~1EOUSBHrwr4uVT0YXfK9SuC8Gsvrrn7xoWnSfxuzw94XlFBRwy0ib3h7dvRci1MBNax~gCADh0A3ZN44wfwXFRsp3LSkE1-hdVgcacXU5VyXmQduFTDRlzewbrrZQcJLJPUhsLDe7zdgAqLzFGPayRDDLd398f6bZaZ9UR5l9HF9pt2KNAMbhPFp2jXkuIZnx~HixEBe0QL6~JBDN~G9jb87U-XQjMzLfWdaseiv5GwQ__&Key-Pair-Id=APKAJLOHF5GGSLRBV4ZA,,,,,/assets/docs/criticism/essays/YYYY-Silva.pdf,TRUE,
23,review,Reviews,,"Narlan Matos, Narciso Selvagem: Il mito rivisitato",Manuela Colombo,Fili d'aquilone,63,,,2023,Italian,,https://www.filidaquilone.it/num063colombo.html,narciso,,,,/assets/docs/criticism/essays/2023-Colombo-Fili d'aquilone.pdf,TRUE,
24,review,Reviews,,La provincia oscura di Narlan Matos,Silvia Leuzzi,La Tigre di Carta,,,,2017,Italian,,https://www.latigredicarta.it/2017/05/29/la-provincia-oscura-di-narlan-matos/,provincia,,,,,TRUE,
25,interviews,Interviews & Media,,"V Salvador sem se umaknil pred poklicnimi morilci : Narlan Matos, ambasador slovenske literarure v Braziliji",Brane Mozetič,Delo,,,,2000,Slovenian,"An interview exploring Narlan Matos's poetic vision, his engagement with Slovenian literature, and the role of translation and cultural exchange in fostering literary dialogue between Brazil and Slovenia.",,,,https://search.worldcat.org/title/443349666,,,TRUE,"newspaper interview. Narlan Matos (Interviewee), Brane Mozetič (Interviewer)"